<skin>
    <color_scheme>
        <global_res>
			<texture id="MediaInfoAddin::imagebkg.vedio" />
			<texture id="MediaInfoAddin::imagebkg.image" />
			<texture id="MediaInfoAddin::texture.imgbkg.bkg"/>
			<texture id="MediaInfoAddin::texture.news.imagetext.bkg"/>
			<bitmap id="MediaInfoAddin::bitmap.tabnews.image.error.bkg"/>
			<bitmap id="MediaInfoAddin::bitmap.sep"/>
			<bitmap id="MediaInfoAddin::bitmap.load.small"/>
			<texture id="MediaInfoAddin::texture.tabimage.select.bkg"/>
			<texture id="MediaInfoAddin::texture.tabbutton.normal" />
			<texture id="MediaInfoAddin::texture.tabbutton.hover" />
			<texture id="MediaInfoAddin::texture.tabbutton.select" />
			<texture id="MediaInfoAddin::texture.rank.bkg.normal" />
			<texture id="MediaInfoAddin::texture.rank.bkg.highlight" />
        </global_res>
        <scheme id="blue" keycolor="RGB(108,156,238)" hsv="0,0,0" colorize="0" />
        <scheme id="cyan" keycolor="RGB(104,174,208)" hsv="198,50,0" colorize="1"/>
        <scheme id="red" keycolor="RGB(210,46,47)" hsv="0,50,0" colorize="1"/>
        <scheme id="green" keycolor="RGB(75,147,71)" hsv="118,36,0" colorize="1"/>
        <scheme id="yellow" keycolor="RGB(207,161,49)" hsv="44,63,0" colorize="1"/>
        <scheme id="pink" keycolor="RGB(217,37,134)" hsv="329,55,0" colorize="1"/>
        <scheme id="violet" keycolor="RGB(110,57,197)" hsv="264,55,0" colorize="1"/>
        <scheme id="gray" keycolor="RGB(92,92,92)" hsv="0,0,5" colorize="1"/>
    </color_scheme>
</skin>

