<?xml version="1.0" encoding="UTF-8"?>
<site>
   <description name="ZeroTurnaround Update Site" url="http://update.zeroturnaround.com/update-site">
      Official ZeroTurnaround update site.
   </description>
   <feature url="features/org.zeroturnaround.eclipse.feature_5.5.0.SR2-201401060924.jar" id="org.zeroturnaround.eclipse.feature" version="5.5.0.SR2-201401060924">
      <category name="JRebel"/>
   </feature>
   <feature url="features/org.zeroturnaround.myeclipse.feature_5.5.0.SR2-201401060924.jar" id="org.zeroturnaround.myeclipse.feature" version="5.5.0.SR2-201401060924">
      <category name="JRebel MyEclipse"/>
   </feature>
   <feature url="features/org.zeroturnaround.eclipse32.debug.feature_5.5.0.SR2-201401060924.jar" id="org.zeroturnaround.eclipse32.debug.feature" version="5.5.0.SR2-201401060924">
      <category name="JRebel for Eclipse 3.2 and RAD 7.0"/>
   </feature>
   <feature url="features/org.zeroturnaround.eclipse.wtp.feature_5.5.0.SR2-201401060924.jar" id="org.zeroturnaround.eclipse.wtp.feature" version="5.5.0.SR2-201401060924">
      <category name="JRebel"/>
   </feature>
   <category-def name="JRebel" label="JRebel for Eclipse (3.3+)"/>
   <category-def name="JRebel MyEclipse" label="JRebel for MyEclipse (9.1+)"/>
   <category-def name="JRebel for Eclipse 3.2 and RAD 7.0" label="JRebel for Eclipse 3.2 and RAD 7.0 (Deprecated)"/>
</site>
